Model,Accuracy,AUC Score,Precision,Recall,F1 Score,MCC Score
Logistic Regression,0.770949720670391,0.9118597088643094,0.0297729810197246,0.8247422680412371,0.05747126436781609,0.12871636837505573
Decision Tree,0.960195530726257,0.8160212665736692,0.11563169164882227,0.5567010309278351,0.19148936170212766,0.2411056767667807
K-Nearest Neighbors,0.9397695530726257,0.859156597747551,0.09327846364883402,0.7010309278350515,0.16464891041162227,0.24129890697181663
Naive Bayes,0.9676152234636871,0.9090806781125461,0.13368983957219252,0.5154639175257731,0.21231422505307856,0.2510653296937401
Random Forest,0.9937150837988827,0.974927461125789,0.6666666666666666,0.5154639175257731,0.5813953488372093,0.5831429750060672
XGBoost,0.9938896648044693,0.9676463461009617,0.6666666666666666,0.5567010309278351,0.6067415730337079,0.6061797648406426
